{
  "DPYD": {
    "rs3918290": {
      "populations": [
        "LWK",
        "MSL",
        "YRI",
        "GWD",
        "ESN"
      ],
      "risk_frequencies": [
        0.4807653976479968,
        0.48031660070818577,
        0.48828788050243294,
        0.48817802503477054,
        0.484569825436409
      ],
      "p_value": NaN,
      "significant": false
    },
    "rs67376798": {
      "populations": [
        "LWK",
        "MSL",
        "YRI",
        "GWD",
        "ESN"
      ],
      "risk_frequencies": [
        0.4435046428243082,
        0.44301426444455116,
        0.44402140358098374,
        0.4420209550674995,
        0.4421846110083914
      ],
      "p_value": NaN,
      "significant": false
    },
    "rs55886062": {
      "populations": [
        "LWK",
        "MSL",
        "YRI",
        "GWD",
        "ESN"
      ],
      "risk_frequencies": [
        0.5564953571756919,
        0.5569857355554488,
        0.5559785964190163,
        0.5579790449325005,
        0.5578153889916085
      ],
      "p_value": NaN,
      "significant": false
    }
  },
  "TPMT": {
    "rs1800462": {
      "populations": [
        "LWK",
        "MSL",
        "YRI",
        "GWD",
        "ESN"
      ],
      "risk_frequencies": [
        0.49530175336626947,
        0.49542444006269276,
        0.502092050209205,
        0.5039896484796205,
        0.5016325915507108
      ],
      "p_value": NaN,
      "significant": false
    },
    "rs1800460": {
      "populations": [
        "LWK",
        "MSL",
        "YRI",
        "GWD",
        "ESN"
      ],
      "risk_frequencies": [
        0.5192346023520031,
        0.5196833992918142,
        0.511712119497567,
        0.5118219749652295,
        0.515430174563591
      ],
      "p_value": NaN,
      "significant": false
    },
    "rs1142345": {
      "populations": [
        "LWK",
        "MSL",
        "YRI",
        "GWD",
        "ESN"
      ],
      "risk_frequencies": [
        0.45790793480207775,
        0.45798280052346235,
        0.45769346582354714,
        0.4576744186046512,
        0.4590842221404928
      ],
      "p_value": NaN,
      "significant": false
    }
  },
  "UGT1A1": {
    "rs4148323": {
      "populations": [
        "LWK",
        "MSL",
        "YRI",
        "GWD",
        "ESN"
      ],
      "risk_frequencies": [
        0.4807653976479968,
        0.48031660070818577,
        0.48828788050243294,
        0.48817802503477054,
        0.484569825436409
      ],
      "p_value": NaN,
      "significant": false
    }
  }
}